{
  "config": {
    "num_epochs": 15,
    "batch_size": 4,
    "learning_rate": 0.0002,
    "device": "cpu"
  },
  "sf_vnn_history": {
    "d_loss": [
      0.723946213722229,
      0.7234405279159546,
      0.7239299416542053,
      0.7233800888061523,
      0.7227703332901001,
      0.7227566242218018,
      0.7236610054969788,
      0.721741259098053,
      0.7223131656646729,
      0.7212316989898682,
      0.7198916673660278,
      0.7214474678039551,
      0.7201841473579407,
      0.7217942476272583,
      0.721480667591095
    ],
    "g_loss": [
      0.4772424101829529,
      0.4757457971572876,
      0.4781936705112457,
      0.47668740153312683,
      0.47755879163742065,
      0.47637298703193665,
      0.47794651985168457,
      0.4787757992744446,
      0.4770869016647339,
      0.47705501317977905,
      0.4773816168308258,
      0.4771425426006317,
      0.4785621166229248,
      0.47935885190963745,
      0.4779170751571655
    ],
    "real_pred": [
      0.49336349964141846,
      0.4927529990673065,
      0.49147796630859375,
      0.49160733819007874,
      0.4945771396160126,
      0.4953410029411316,
      0.4922449290752411,
      0.49314233660697937,
      0.49707624316215515,
      0.4970847964286804,
      0.49908795952796936,
      0.49479812383651733,
      0.4974634647369385,
      0.49436166882514954,
      0.4935465455055237
    ],
    "fake_pred": [
      0.49553894996643066,
      0.49353915452957153,
      0.49433016777038574,
      0.4926433563232422,
      0.4924910366535187,
      0.4929094910621643,
      0.4939359128475189,
      0.4882974922657013,
      0.492541640996933,
      0.4890635907649994,
      0.4859572947025299,
      0.48836302757263184,
      0.48591262102127075,
      0.4892112910747528,
      0.4877036213874817
    ]
  },
  "vanilla_history": {
    "d_loss": [
      0.6937155723571777,
      0.6914274096488953,
      0.6893402934074402,
      0.6868115067481995,
      0.6828640699386597,
      0.6812642812728882,
      0.6792585849761963,
      0.6730301976203918,
      0.6675922274589539,
      0.6644776463508606,
      0.660855770111084,
      0.6571100354194641,
      0.6559200882911682,
      0.6511772274971008,
      0.6455405354499817
    ],
    "g_loss": [
      0.6868271231651306,
      0.682284414768219,
      0.6825805902481079,
      0.6797193288803101,
      0.6793106198310852,
      0.6798269152641296,
      0.6830069422721863,
      0.6846279501914978,
      0.6858932971954346,
      0.6855376958847046,
      0.6879847049713135,
      0.685090184211731,
      0.6865601539611816,
      0.6869898438453674,
      0.6834802627563477
    ],
    "real_pred": [
      -0.002260194392874837,
      0.019307570531964302,
      0.03635328635573387,
      0.04899337515234947,
      0.06896639615297318,
      0.07365898042917252,
      0.08719705790281296,
      0.10234826803207397,
      0.1239335834980011,
      0.1355048418045044,
      0.15008074045181274,
      0.1608702540397644,
      0.1733497828245163,
      0.19033966958522797,
      0.21440009772777557
    ],
    "fake_pred": [
      -1.748968543324736e-07,
      0.01228352915495634,
      0.020660053938627243,
      0.02290583774447441,
      0.026468539610505104,
      0.02457180991768837,
      0.029518067836761475,
      0.019151993095874786,
      0.017794262617826462,
      0.01616937294602394,
      0.01522050704807043,
      0.010219702497124672,
      0.016850855201482773,
      0.013366973027586937,
      0.012430224567651749
    ]
  },
  "timestamp": "2025-05-23 10:50:43"
}